publication_date,job_type,job,company,city,country
2023-04-26,external,Software Developer,Siemens,Ankara, Turkey
2024-09-30,external,District Support Pharmacist FT,CVS Health,Charleston, SC
2024-09-30,external,"Senior Security Engineer, AWS IAM",CVS Health,Woonsocket, RI
2024-09-30,external,Store Associate,CVS Health,Truckee, CA
2024-09-30,external,Store Manager in Training,CVS Health,Lafayette, LA
2024-09-30,external,Pharmacy Technician,CVS Health,University Place, WA
2023-04-29,external,Commissioning Technician- Rolling Stock- Chicago,Siemens,Chicago, IL
2024-09-23,external,"Lead Product Manager, Advertiser Solutions",Uber,New York, NY
2024-09-30,external,Store Associate,CVS Health,Chantilly, VA
2023-04-11,external,(Managing) Senior Associate (m/f/d) - Digitalization and IT Audit,Siemens,Munich, Germany
2024-09-30,external,Lead Director - Actuarial (Medicaid),CVS Health,Hartford, CT
2023-04-27,external,"Project Manager - Smart Buildings / Automation / HVAC Controls (Beltsville, MD)",Siemens,Greenbelt, MD
2024-09-30,external,Store Manager in Training,CVS Health,The Bronx, NY
2024-09-30,external,Pharmacy Technician,CVS Health,Eau Claire, WI
2024-09-30,external,Medical Director Case Management,CVS Health,Des Moines, IA
2024-09-30,external,Pharmacy Technician,CVS Health,Charlotte, NC
2024-09-30,external,Beauty Sales Consultant,CVS Health,New Rochelle, NY
2024-09-30,external,Store Associate,CVS Health,Dublin, GA
2024-09-30,external,Shift Supervisor Trainee,CVS Health,Beachwood, OH
2024-09-30,external,Store Associate,CVS Health,Aliso Viejo, CA
